<?xml version="1.0" encoding="UTF-8" standalone="no"?>
<catalog prefer="public" xmlns="urn:oasis:names:tc:entity:xmlns:xml:catalog">
    <uri id="User Entered Import Resolution" name="http://def.isotc211.org/iso19111/2003/CoordinateReferenceSystems" uri="file:/C:/RechercheGeosemanticResearch/recherche/gomTC211/harmonizedOntology/19111/iso19111CoordinateReferenceSystems.owl"/>
    <uri id="User Entered Import Resolution" name="http://def.isotc211.org/iso19103/2005/Enumerations" uri="file:/C:/RechercheGeosemanticResearch/recherche/gomTC211/harmonizedOntology/19103/2005/iso19103Enumerations.owl"/>
    <uri id="User Entered Import Resolution" name="http://def.isotc211.org/iso19103/2005/UnitsOfMeasure" uri="file:/C:/RechercheGeosemanticResearch/recherche/gomTC211/harmonizedOntology/19103/2005/iso19103UnitsOfMeasure.owl"/>
    <uri id="User Entered Import Resolution" name="http://def.isotc211.org/iso19103/2005/Numerics" uri="file:/C:/RechercheGeosemanticResearch/recherche/gomTC211/harmonizedOntology/19103/2005/iso19103Numerics.owl"/>
    <uri id="User Entered Import Resolution" name="http://def.isotc211.org/iso19150/-2/2012/base" uri="file:/C:/RechercheGeosemanticResearch/recherche/gomTC211/harmonizedOntology/19150-2/2012/base.owl"/>
    <uri id="User Entered Import Resolution" name="http://def.isotc211.org/orphansOrphans" uri="file:/C:/RechercheGeosemanticResearch/recherche/gomTC211/harmonizedOntology/Orphans/orphOrphans.owl"/>
    <group id="Folder Repository, directory=, recursive=true, Auto-Update=true, version=2" prefer="public" xml:base="">
        <uri id="Automatically generated entry, Timestamp=1396805602121" name="http://def.isotc211.org/iso19107/2003/CoordinateGeometry" uri="iso19107CoordinateGeometry.owl"/>
        <uri id="Automatically generated entry, Timestamp=1396805602121" name="http://def.isotc211.org/iso19107/2003/GeometricAggregates" uri="iso19107GeometricAggregates.owl"/>
        <uri id="Automatically generated entry, Timestamp=1396805602121" name="http://def.isotc211.org/iso19107/2003/GeometricComplex" uri="iso19107GeometricComplex.owl"/>
        <uri id="Automatically generated entry, Timestamp=1396805602121" name="http://def.isotc211.org/iso19107/2003/GeometricPrimitive" uri="iso19107GeometricPrimitive.owl"/>
        <uri id="Automatically generated entry, Timestamp=1396805602121" name="http://def.isotc211.org/iso19107/2003/Geometry" uri="iso19107Geometry.owl"/>
        <uri id="Automatically generated entry, Timestamp=1396805602121" name="http://def.isotc211.org/iso19107/2003/GeometryRoot" uri="iso19107GeometryRoot.owl"/>
        <uri id="Automatically generated entry, Timestamp=1396805602121" name="http://def.isotc211.org/iso19107/2003/SpatialSchema" uri="ISO19107_2003SpatialSchema.owl"/>
        <uri id="Automatically generated entry, Timestamp=1396805602121" name="http://def.isotc211.org/iso19107/2003/TopologicalComplex" uri="iso19107TopologicalComplex.owl"/>
        <uri id="Automatically generated entry, Timestamp=1396805602121" name="http://def.isotc211.org/iso19107/2003/TopologicalPrimitive" uri="iso19107TopologicalPrimitive.owl"/>
        <uri id="Automatically generated entry, Timestamp=1396805602121" name="http://def.isotc211.org/iso19107/2003/Topology" uri="iso19107Topology.owl"/>
        <uri id="Automatically generated entry, Timestamp=1396805602121" name="http://def.isotc211.org/iso19107/2003/TopologyRoot" uri="iso19107TopologyRoot.owl"/>
    </group>
</catalog>
