<?xml version="1.0" encoding="UTF-8" standalone="no"?>
<catalog prefer="public" xmlns="urn:oasis:names:tc:entity:xmlns:xml:catalog">
    <uri id="User Entered Import Resolution" name="http://def.isotc211.org/iso19111/2003/CoordinateReferenceSystems" uri="file:/C:/RechercheGeosemanticResearch/recherche/gomTC211/harmonizedOntology/19111/iso19111CoordinateReferenceSystems.owl"/>
    <uri id="User Entered Import Resolution" name="http://def.isotc211.org/iso19103/2005/Numerics" uri="file:/C:/RechercheGeosemanticResearch/recherche/gomTC211/harmonizedOntology/19103/2005/iso19103Numerics.owl"/>
    <uri id="User Entered Import Resolution" name="http://def.isotc211.org/iso19107/2003/TopologicalPrimitive" uri="file:/C:/RechercheGeosemanticResearch/recherche/gomTC211/harmonizedOntology/19107/2003/iso19107TopologicalPrimitive.owl"/>
    <uri id="User Entered Import Resolution" name="http://def.isotc211.org/iso19107/2003/GeometricPrimitive" uri="file:/C:/RechercheGeosemanticResearch/recherche/gomTC211/harmonizedOntology/19107/2003/iso19107GeometricPrimitive.owl"/>
    <uri id="User Entered Import Resolution" name="http://def.isotc211.org/iso19103/2005/UnitsOfMeasure" uri="file:/C:/RechercheGeosemanticResearch/recherche/gomTC211/harmonizedOntology/19103/2005/iso19103UnitsOfMeasure.owl"/>
    <uri id="User Entered Import Resolution" name="http://def.isotc211.org/iso19150/-2/2012/base" uri="file:/C:/RechercheGeosemanticResearch/recherche/gomTC211/harmonizedOntology/19150-2/2012/base.owl"/>
    <uri id="User Entered Import Resolution" name="http://def.isotc211.org/iso19103/2005/RecordsAndClassMetadata" uri="file:/C:/RechercheGeosemanticResearch/recherche/gomTC211/harmonizedOntology/19103/2005/iso19103RecordsAndClassMetadata.owl"/>
    <group id="Folder Repository, directory=, recursive=true, Auto-Update=true, version=2" prefer="public" xml:base="">
        <uri id="Automatically generated entry, Timestamp=1396828870480" name="http://def.isotc211.org/iso19148/2012/LinearReferencing" uri="ISO19148LinearReferencing.owl"/>
        <uri id="Automatically generated entry, Timestamp=1396828870480" name="http://def.isotc211.org/iso19148/2012/LinearReferencingOffset" uri="iso19148LinearReferencingOffset.owl"/>
        <uri id="Automatically generated entry, Timestamp=1396828870480" name="http://def.isotc211.org/iso19148/2012/LinearReferencingOffsetVector" uri="iso19148LinearReferencingOffsetVector.owl"/>
        <uri id="Automatically generated entry, Timestamp=1396828870480" name="http://def.isotc211.org/iso19148/2012/LinearReferencingSystem" uri="iso19148LinearReferencingSystem.owl"/>
        <uri id="Automatically generated entry, Timestamp=1396828870480" name="http://def.isotc211.org/iso19148/2012/LinearReferencingTowardsReferent" uri="iso19148LinearReferencingTowardsReferent.owl"/>
        <uri id="Automatically generated entry, Timestamp=1396828870480" name="http://def.isotc211.org/iso19148/2012/LinearSegmentation" uri="iso19148LinearSegmentation.owl"/>
        <uri id="Automatically generated entry, Timestamp=1396828870480" name="http://def.isotc211.org/iso19148/2012/LinearlyLocatedEvent" uri="iso19148LinearlyLocatedEvent.owl"/>
    </group>
</catalog>
